{
  "design_id": "DES-006",
  "parameters": {
    "feed_pressure_min_MPa": 0.15,
    "feed_pressure_max_MPa": 0.3,
    "feed_pressure_nominal_MPa": 0.3,
    "chamber_pressure_nominal_MPa": 0.21,
    "thrust_nominal_N": 1.0,
    "mass_flow_rate_nominal_kg_s": 0.000248663733273239,
    "specific_impulse_nominal_s": 410.07838157783726,
    "exhaust_velocity_nominal_m_s": 4022.0,
    "chamber_temperature_K": 1400.0,
    "preheat_temperature_K": 473.0,
    "minimum_on_time_ms": 10.0,
    "flow_time_constant_ms": 20.0,
    "thermal_time_constant_ms": 50.0,
    "catalyst_efficiency_min": 0.5,
    "catalyst_efficiency_max": 1.0
  },
  "thrust_vs_pressure": {
    "pressure_array_MPa": [
      0.15,
      0.15151515151515152,
      0.15303030303030302,
      0.15454545454545454,
      0.15606060606060607,
      0.15757575757575756,
      0.1590909090909091,
      0.1606060606060606,
      0.1621212121212121,
      0.16363636363636364,
      0.16515151515151516,
      0.16666666666666666,
      0.16818181818181818,
      0.16969696969696968,
      0.1712121212121212,
      0.17272727272727273,
      0.17424242424242423,
      0.17575757575757575,
      0.17727272727272728,
      0.17878787878787877,
      0.1803030303030303,
      0.18181818181818182,
      0.18333333333333332,
      0.18484848484848485,
      0.18636363636363634,
      0.18787878787878787,
      0.1893939393939394,
      0.19090909090909092,
      0.19242424242424241,
      0.19393939393939394,
      0.19545454545454544,
      0.19696969696969696,
      0.1984848484848485,
      0.2,
      0.2015151515151515,
      0.20303030303030303,
      0.20454545454545453,
      0.20606060606060606,
      0.20757575757575758,
      0.20909090909090908,
      0.2106060606060606,
      0.2121212121212121,
      0.21363636363636362,
      0.21515151515151515,
      0.21666666666666667,
      0.21818181818181817,
      0.2196969696969697,
      0.2212121212121212,
      0.22272727272727272,
      0.22424242424242424,
      0.22575757575757577,
      0.22727272727272727,
      0.22878787878787876,
      0.2303030303030303,
      0.2318181818181818,
      0.23333333333333334,
      0.23484848484848486,
      0.23636363636363636,
      0.23787878787878786,
      0.23939393939393938,
      0.2409090909090909,
      0.24242424242424243,
      0.24393939393939393,
      0.24545454545454545,
      0.24696969696969695,
      0.24848484848484848,
      0.25,
      0.2515151515151515,
      0.25303030303030305,
      0.2545454545454545,
      0.25606060606060604,
      0.25757575757575757,
      0.2590909090909091,
      0.2606060606060606,
      0.2621212121212121,
      0.2636363636363636,
      0.26515151515151514,
      0.26666666666666666,
      0.2681818181818182,
      0.26969696969696966,
      0.27121212121212124,
      0.2727272727272727,
      0.27424242424242423,
      0.27575757575757576,
      0.2772727272727272,
      0.2787878787878788,
      0.2803030303030303,
      0.2818181818181818,
      0.2833333333333333,
      0.28484848484848485,
      0.2863636363636364,
      0.28787878787878785,
      0.2893939393939394,
      0.2909090909090909,
      0.2924242424242424,
      0.29393939393939394,
      0.2954545454545454,
      0.296969696969697,
      0.29848484848484846,
      0.3
    ],
    "thrust_array_N": [
      0.5,
      0.5050505050505051,
      0.51010101010101,
      0.5151515151515151,
      0.5202020202020202,
      0.5252525252525252,
      0.5303030303030303,
      0.5353535353535354,
      0.5404040404040404,
      0.5454545454545455,
      0.5505050505050506,
      0.5555555555555556,
      0.5606060606060607,
      0.5656565656565656,
      0.5707070707070707,
      0.5757575757575758,
      0.5808080808080808,
      0.5858585858585859,
      0.5909090909090909,
      0.5959595959595959,
      0.601010101010101,
      0.6060606060606061,
      0.611111111111111,
      0.6161616161616161,
      0.6212121212121212,
      0.6262626262626263,
      0.6313131313131314,
      0.6363636363636365,
      0.6414141414141414,
      0.6464646464646465,
      0.6515151515151515,
      0.6565656565656566,
      0.6616161616161617,
      0.6666666666666667,
      0.6717171717171717,
      0.6767676767676768,
      0.6818181818181818,
      0.6868686868686869,
      0.6919191919191919,
      0.6969696969696969,
      0.702020202020202,
      0.7070707070707071,
      0.7121212121212122,
      0.7171717171717172,
      0.7222222222222223,
      0.7272727272727273,
      0.7323232323232324,
      0.7373737373737373,
      0.7424242424242424,
      0.7474747474747475,
      0.7525252525252526,
      0.7575757575757576,
      0.7626262626262625,
      0.7676767676767676,
      0.7727272727272727,
      0.7777777777777778,
      0.7828282828282829,
      0.7878787878787878,
      0.7929292929292929,
      0.797979797979798,
      0.8030303030303031,
      0.8080808080808082,
      0.8131313131313131,
      0.8181818181818182,
      0.8232323232323232,
      0.8282828282828283,
      0.8333333333333334,
      0.8383838383838385,
      0.8434343434343435,
      0.8484848484848484,
      0.8535353535353535,
      0.8585858585858586,
      0.8636363636363636,
      0.8686868686868687,
      0.8737373737373737,
      0.8787878787878788,
      0.8838383838383839,
      0.888888888888889,
      0.893939393939394,
      0.8989898989898989,
      0.9040404040404042,
      0.9090909090909091,
      0.9141414141414141,
      0.9191919191919192,
      0.9242424242424241,
      0.9292929292929294,
      0.9343434343434343,
      0.9393939393939393,
      0.9444444444444444,
      0.9494949494949495,
      0.9545454545454546,
      0.9595959595959596,
      0.9646464646464648,
      0.9696969696969697,
      0.9747474747474748,
      0.9797979797979799,
      0.9848484848484848,
      0.9898989898989901,
      0.9949494949494949,
      1.0
    ],